Agency_ID,Agency_Name,Country
5000000,Stefanie's  Agency,Samoa
5001125,Sandy's  Agency,Indonesia
5002250,Lee's  Agency,Chile
5003375,Regina's  Agency,Western Sahara
5004500,Daniel's  Agency,Bermuda
5005625,Dennis's  Agency,Georgia
5006750,Myra's  Agency,Singapore
5007875,Teddy's  Agency,Jersey
5009000,Annie's  Agency,Denmark
5010125,Herman's  Agency,Algeria
5011250,Jenifer's  Agency,Saint Lucia
5012375,Stefanie's  Agency,Angola
5013500,Chastity's  Agency,Albania
5014625,Evelyn's  Agency,Luxembourg
5015750,Jeannie's  Agency,Honduras
5016875,Rickey's  Agency,Fiji
5018000,Bobbie's  Agency,Paraguay
5019125,Lesley's  Agency,Dominica
5020250,Shawna's  Agency,Puerto Rico
5021375,Theresa's  Agency,Belarus
5022500,Tasha's  Agency,Barbados
5023625,Karla's  Agency,Grenada
5024750,Otis's  Agency,Greece
5025875,Alisa's  Agency,Puerto Rico
5027000,Peggy's  Agency,Timor-Leste
5028125,Lisa's  Agency,Slovenia
5029250,Vicky's  Agency,Nicaragua
5030375,Nicolas's  Agency,Tuvalu
5031500,Miranda's  Agency,Belize
5032625,Kara's  Agency,Palau
5033750,Rosemary's  Agency,Tuvalu
5034875,Ernest's  Agency,Virgin Islands
5036000,Lindsay's  Agency,Belize
5037125,Lorenzo's  Agency,Antarctica
5038250,Tammie's  Agency,Guadeloupe
5039375,Kareem's  Agency,Suriname
5040500,Cesar's  Agency,Pakistan
5041625,Charlene's  Agency,Romania
5042750,Sonja's  Agency,Pakistan
5043875,Gwendolyn's  Agency,Belgium
5045000,Stephan's  Agency,Argentina
5046125,Maggie's  Agency,Ethiopia
5047250,Earnest's  Agency,Estonia
5048375,Zachary's  Agency,Libya
5049500,Erin's  Agency,Vatican City
5050625,Rodolfo's  Agency,Martinique
5051750,Carla's  Agency,American Samoa
5052875,Norma's  Agency,Lesotho
5054000,Jean's  Agency,Guadeloupe
5055125,Tara's  Agency,Lesotho
5056250,Kirsten's  Agency,New Caledonia
5057375,Lisa's  Agency,Myanmar
5058500,Marie's  Agency,Bahrain
5059625,Devin's  Agency,Timor-Leste
5060750,Shaun's  Agency,Mongolia
5063000,Tasha's  Agency,Bahrain
5064125,Meredith's  Agency,Jamaica
5065250,Heather's  Agency,Belarus
5066375,Sherri's  Agency,Gabon
5067500,Theodore's  Agency,Nicaragua
5068625,Elton's  Agency,Taiwan
5069750,Phillip's  Agency,Guam
5070875,Raymond's  Agency,Malawi
5072000,Alejandro's  Agency,Barbados
5073125,Kristina's  Agency,Senegal
5074250,Chandra's  Agency,Uganda
5075375,Allen's  Agency,Venezuela
5076500,Myron's  Agency,Chile
5077625,Lewis's  Agency,Malawi
5078750,Laura's  Agency,Mongolia
5079875,Wallace's  Agency,Vanuatu
5081000,Johnathan's  Agency,Malvinas
5082125,Dianna's  Agency,Netherlands
5083250,Jamal's  Agency,Armenia
5084375,Sharon's  Agency,Slovenia
5085500,Clifton's  Agency,Bahrain
5086625,Sean's  Agency,South Korea
5087750,Trent's  Agency,Samoa
5088875,Victor's  Agency,Guadeloupe
5090000,Becky's  Agency,Seychelles
5091125,Chastity's  Agency,Cape Verde
5092250,Charlene's  Agency,Moldova
5093375,Lana's  Agency,Mozambique
5094500,Summer's  Agency,Aruba
5095625,Zachary's  Agency,Gambia
5096750,Corey's  Agency,Tonga
5097875,Olivia's  Agency,Croatia
5099000,Miriam's  Agency,Jersey
5100125,Rosa's  Agency,Trinidad
5101250,Marci's  Agency,San Marino
5102375,Morgan's  Agency,Eire
5103500,Gerard's  Agency,Nicaragua
5104625,Paul's  Agency,Hungary
5105750,Kara's  Agency,Japan
5106875,Shane's  Agency,Chile
5108000,Stanley's  Agency,Tuvalu
5109125,Brendan's  Agency,Puerto Rico
5110250,Tania's  Agency,Iraq
5111375,Victor's  Agency,Colombia
